Laplacian Mean,Laplacian Standard Deviation,Canny Mean,Canny Standard Deviation,Hue Mean,Blue Mean,Green Mean,Red Mean,Shannons Entropy,Class
78.122222,117.5449404,35.62227344,88.40098055,34.19594891,68.9218,73.40302936,68.12977681,5.036362869,0
80.33258653,118.4462103,34.79234773,87.53023027,38.4965708,61.52352916,65.55749997,60.06863949,5.026911977,0
79.01241862,117.9139251,34.16623966,86.86230011,37.24736586,58.90535646,63.26271696,57.53481622,4.921007505,0
80.96413119,118.6957083,33.06648649,85.66540449,37.71629203,59.29781547,63.81860967,58.07662123,4.986460206,0
80.05828646,118.3360087,32.61660986,85.16684963,35.85963689,58.16917552,62.89531735,57.09235193,4.940741149,0
77.61932453,117.3333713,33.338777,85.96460948,33.66337358,68.15465558,72.86566606,67.35174087,4.916939314,0
80.34602128,118.4511458,32.4136543,84.94019579,35.46242323,57.9908133,62.67767957,56.92052597,4.948009801,0
80.90461368,118.6739849,32.28286618,84.7935577,35.05212738,57.65500065,62.51000652,56.72286452,4.95262246,0
80.66256415,118.5783008,32.46845723,85.00150515,35.75026478,58.98082441,63.57216721,57.70901009,4.983310001,0
80.73637557,118.6100475,32.33729965,84.85464314,35.25253103,58.49084058,63.17606434,57.30695291,4.976420199,0
81.61200975,118.9486644,32.90589544,85.48804233,35.46371368,59.49363301,64.09319806,58.27642023,5.030733009,0
80.91117072,118.6769906,33.18311205,85.79379143,35.41762416,58.30508051,62.96222208,57.17302175,4.973598582,0
84.18162891,119.9078575,33.2063879,85.81937263,37.2606166,61.78714924,66.38215764,60.68925254,5.130524548,0
82.75363771,119.3851577,32.9996146,85.5916302,36.39125887,59.46151818,64.22469177,58.41262754,5.041767008,0
82.75736175,119.3844657,34.91833289,87.66347538,37.52461725,61.20718719,65.62313647,59.78982286,5.094068464,0
83.74782925,119.752201,35.08557419,87.83976265,37.84579115,61.06492173,65.60140751,59.76674309,5.11622144,0
77.34138687,117.2140944,33.1827426,85.79338527,32.70564585,67.50031899,72.51990026,66.77579746,4.856555225,0
83.87391487,119.7988596,34.62313599,87.35066188,37.9005849,60.79244094,65.37554024,59.4209034,5.120753245,0
84.97391675,120.1930888,34.2982593,87.00393974,38.626535,61.30922133,66.04516273,60.15016655,5.165776928,0
84.27287198,119.9407033,34.40503265,87.11817866,38.93218249,62.20137197,66.6599765,60.79981175,5.175410182,0
84.03023663,119.8550846,34.21266821,86.91216098,39.13456866,62.04711724,66.43040402,60.69338999,5.153652293,0
82.67637029,119.354793,32.89936835,85.48081943,38.98350624,61.31920153,65.48653072,59.77095539,5.0924471,0
81.54539721,118.9255197,33.87547625,86.54882179,39.06531582,62.12426296,66.19979465,60.47246186,5.10560365,0
85.55155725,120.3950006,36.00096783,88.79288886,41.59767092,67.92020481,71.80761286,66.29076147,5.376261401,0
83.41425509,119.6280155,36.14173131,88.93771271,40.08114262,65.86112245,69.54551553,64.0369033,5.226248586,0
82.26998586,119.2006257,37.34210019,90.15432936,40.49713248,66.48516397,69.89061533,64.37558854,5.206317626,0
81.29517807,118.8255645,37.84407039,90.65353984,40.43196975,65.80799729,69.15308357,63.66159487,5.149783856,0
74.74339334,116.0675786,32.55848181,85.10204536,32.40900058,65.43322639,70.12356219,64.3330405,4.725494771,0
82.8598122,119.4246599,38.29283865,91.09518299,41.41035042,67.37957385,70.62253809,65.26857854,5.24778267,0
80.07628606,118.3464226,36.57362766,89.37921913,38.78679862,63.34704079,66.88177201,61.47458202,5.075832974,0
81.49759224,118.9057889,36.88902159,89.69894421,39.32152935,64.96572734,68.31751168,63.14040803,5.137770381,0
79.47944341,118.1053818,35.85466249,88.64187561,36.78114374,62.39726147,65.99143872,60.92541537,5.002282966,0
82.49208225,119.2846564,36.22338152,89.02150818,38.66026482,65.62551935,69.00391432,64.19871525,5.140069714,0
80.9353352,118.686908,35.78187927,88.5665644,36.63611241,62.99866416,66.76528892,61.83273311,5.034582228,0
82.68141665,119.3564016,35.75884973,88.54270916,37.6342999,63.56301576,67.24471736,62.25614592,5.100072198,0
83.28383257,119.5814547,36.32682975,89.12745383,37.950723,63.50490703,67.36025144,62.18348537,5.142102642,0
82.34027705,119.2280609,36.46648485,89.27009085,37.97860718,63.15423734,66.80993248,61.46966943,5.114133676,0
80.9699522,118.6995265,36.38200213,89.18385765,38.02784892,62.04522648,65.84218881,60.26566635,5.061715456,0
72.44862868,114.9981165,32.24628985,84.75246723,31.44942121,63.12322799,67.72221543,61.88892549,4.588694828,0
83.8072067,119.7718061,37.49468633,90.30666371,39.25497042,63.28203116,67.119205,61.34317766,5.180384936,0
82.81345658,119.4067952,37.39641051,90.20860913,39.37537121,61.87786445,65.88076699,59.86541202,5.131039756,0
85.10084029,120.2370145,37.5610656,90.37277289,40.52793126,62.50375278,66.66585064,60.42051994,5.206356154,0
86.98942239,120.887207,38.05158261,90.85829971,41.16645457,62.45805638,67.0352289,60.52636167,5.25534256,0
88.50867647,121.3854361,38.50490751,91.30237408,41.64754533,63.17935759,67.88514977,61.11958074,5.318233515,0
87.27469174,120.9829125,37.32535143,90.13757682,40.79496726,61.30517758,66.27596577,59.28793234,5.243995603,0
77.99566648,117.4922551,35.71845566,88.50083682,34.76179911,69.5520943,73.85486967,68.59710586,5.050346042,0
89.42271205,121.6752738,37.35860265,90.17082945,41.53920528,62.65266558,67.70236806,60.63389663,5.349081136,0
90.17201624,121.9066426,36.90244523,89.71250231,41.25639126,61.78456352,67.12348395,59.899803,5.339426748,0
91.70141423,122.364828,37.15010521,89.96191701,42.26170035,63.2971968,68.51862527,61.41811387,5.425857126,0
90.79051106,122.0961765,35.30884994,88.07407025,40.87959245,60.67480022,66.3230294,59.17757839,5.311454425,0
73.4036543,115.4486967,33.26229921,85.88076472,32.20116188,64.61337554,69.06809521,63.2569539,4.651968752,0
91.9263977,122.4311615,34.39123955,87.10343694,40.93326913,60.509412,66.16112327,59.24400742,5.335709748,0
92.13580936,122.4918264,34.39518043,87.10764934,39.97203083,60.23227411,66.15615901,59.22686022,5.332887923,0
93.74254335,122.9438944,35.69247045,88.47388042,41.4227164,62.87191931,68.34594304,61.68761678,5.439840652,0
93.4941686,122.8761322,35.98446538,88.7758803,41.14389687,63.09531146,68.76252161,61.92758286,5.448676815,0
93.04118369,122.7493869,35.66870199,88.44920975,41.12442909,62.96056845,68.52269703,61.74989677,5.434953255,0
92.75796689,122.670915,35.00195354,87.75170312,39.93868592,61.90501453,67.73548018,60.988272,5.393585162,0
93.72813014,122.9416009,35.51771684,88.29218303,40.27954251,62.94168698,68.61529624,62.05512602,5.444318197,0
93.35727501,122.8389914,35.71217487,88.49432274,39.8053343,62.63690156,68.34938648,61.93062014,5.437047511,0
92.39879436,122.5670246,35.90909596,88.6981189,39.55522382,63.01784603,68.40894214,62.25353122,5.416073763,0
90.81759837,122.1034993,36.19505641,88.99245629,39.19741418,62.30210987,67.66052513,61.44680602,5.337351642,0
74.46141917,115.938553,32.91771809,85.5011225,32.60936607,64.23651104,68.91258625,62.99398146,4.671110126,0
90.23032733,121.9266654,36.7311399,89.53917598,39.52863975,63.27070594,68.36765847,62.18543119,5.335553545,0
89.79603603,121.7934227,36.45096762,89.25426434,39.29232914,63.56625782,68.60596899,62.49976987,5.326027647,0
90.70561349,122.0697764,37.67042516,90.48147591,40.46847703,65.90706225,70.61420718,64.5812863,5.411090266,0
89.92325562,121.8322549,39.3640204,92.13196568,40.40339882,66.5834224,71.21683608,65.30193552,5.408174158,0
90.29681962,121.9448264,40.63581781,93.33200873,41.47894307,68.87449296,73.0374727,67.30893494,5.447065907,0
89.14416587,121.5885705,40.46352726,93.17136047,40.81724098,67.20798358,71.43256668,65.91589833,5.367410547,0
90.26267591,121.9350561,40.63778826,93.33384258,41.84883519,68.68127418,72.61999922,67.31518289,5.427855906,0
90.0673814,121.8756012,40.18902,92.91416884,40.69506245,67.25399968,71.56437334,66.28586821,5.394272261,0
91.78578345,122.3899184,40.37362582,93.08729732,41.04989662,68.29096721,72.7029505,67.45492492,5.474707364,0
90.74294903,122.0822517,40.18310867,92.90861364,40.52210349,67.40906626,71.91159861,66.54069374,5.430546915,0
75.26213162,116.3022392,32.49247199,85.02834599,32.83993295,64.63631912,69.28141878,63.36244549,4.715961022,0
91.17284402,122.2110497,40.9768275,93.64822807,41.80719849,69.15363559,73.37793037,67.93817592,5.526045759,0
91.77929934,122.3900115,40.51463561,93.21907735,41.62630995,68.37603092,72.85822184,67.31268458,5.527081541,0
91.84654117,122.4090767,39.84764085,92.59219155,42.13939335,68.61752216,72.87318899,67.35701325,5.530343551,0
91.59253618,122.3354431,40.72448772,93.41445535,41.89206226,68.12290634,72.59432117,67.02804451,5.525303359,0
91.40576818,122.2794974,41.19603922,93.85028691,42.09239202,68.40635159,72.83996869,67.24899486,5.538910278,0
91.83021886,122.404515,41.06094076,93.72587176,41.72462005,68.00918864,72.58060148,66.94087852,5.531339508,0
91.47784677,122.3012526,40.63323161,93.32960168,41.55151765,68.10526992,72.66778341,66.99293683,5.532901963,0
91.85013288,122.4105134,39.02054766,91.80215963,40.81813686,67.17366021,71.92356326,66.15872493,5.513314016,0
92.82177976,122.6870144,38.87030142,91.65711391,40.88421429,67.74495569,72.5213694,66.71498275,5.563440258,0
92.04527526,122.4671031,38.65022764,91.44379668,40.39151483,66.17420498,71.07110882,65.25453286,5.51544586,0
74.84912931,116.1166647,31.4310193,83.82720888,32.19124447,63.00040133,67.82825035,61.73013198,4.666610162,0
92.53936949,122.608488,38.92436544,91.70936136,41.49313702,67.01314401,71.76799248,65.91793928,5.560274347,0
92.92612145,122.7177374,39.27522734,92.04694177,41.42592078,66.89220473,71.93090653,65.93030526,5.572836938,0
93.84651026,122.9732022,39.72103993,92.47218051,42.02488891,68.06025497,72.97165123,66.97543129,5.631186645,0
94.7015707,123.203587,40.01759151,92.75278004,41.43091982,68.21290485,73.38211225,67.27093535,5.657539697,0
95.403422,123.3897367,40.49677847,93.20241115,41.95426352,69.02673475,74.02437795,67.90049169,5.697779081,0
95.57453078,123.4339622,40.06783779,92.80014554,42.59625539,68.93993145,74.10703752,67.82079164,5.70641786,0
94.04828936,123.0264169,39.27929137,92.05083688,43.00139476,68.26127245,73.05209888,66.77087232,5.624130995,0
96.42642257,123.6497199,40.3913598,93.10389252,43.91774224,70.01593933,75.05696655,68.69878745,5.746780094,0
93.65004315,122.9185488,39.52288732,92.28368027,44.41477764,68.95533133,73.62417192,67.31149845,5.650824383,0
93.78028553,122.9553949,40.93631028,93.61077727,44.43223634,69.68637946,74.34420634,68.17908617,5.666427928,0
75.44636412,116.383421,31.75478762,84.19681886,32.69280079,63.19601024,67.97796775,61.83318756,4.684701971,0
91.95379264,122.438404,39.6753503,92.42878829,45.18865247,68.9802183,73.17763393,67.35346404,5.569432327,0
92.04005166,122.4645291,39.31463619,92.08469802,43.86471029,68.17333808,72.80981512,67.08111703,5.552213406,0
86.76502474,120.8127395,36.88791322,89.69782455,42.45239377,64.02427604,68.23252428,62.66702228,5.270182936,0
90.17255135,121.9079101,37.93988315,90.74819817,42.48370207,66.24302896,70.92775962,65.37862727,5.422695962,0
87.04544429,120.9047836,37.28150909,90.0936951,42.06522454,64.56119697,68.80732309,63.2359344,5.276188887,0
86.38734068,120.6834681,36.71513005,89.52294336,41.57686392,63.62379184,67.95052403,62.2472799,5.251229433,0
87.85321267,121.1726877,37.51574543,90.32764765,42.66487073,65.32366883,69.46989352,63.81185994,5.350426921,0
85.91587756,120.5222687,36.45749471,89.26092219,41.11105182,62.80815763,67.10544861,61.28341578,5.238163873,0
84.94209266,120.1813805,36.78138618,89.59008375,40.86228733,62.57280181,66.6395631,60.85625912,5.200643811,0
84.95640976,120.1855183,36.51537645,89.31992095,40.28669261,61.83814603,66.00481116,60.15200176,5.164073037,0
74.38975978,115.9060856,31.37326071,83.76096939,32.22064753,61.47107144,66.36685339,60.04049211,4.621827405,0
85.46667272,120.3641848,37.66525275,90.47634047,41.60015281,63.90734333,67.84195024,62.13207615,5.232018668,0
83.67012041,119.7235184,36.23483472,89.03325,40.32318877,61.5319074,65.638872,59.90936448,5.105267246,0
84.74352181,120.1104265,35.72929309,88.51207462,40.08230895,61.45948447,65.65452591,59.95493676,5.119683459,0
87.47925747,121.0500094,36.20072143,88.99826815,41.52952066,63.08938371,67.29783285,61.50440911,5.223939708,0
86.97019658,120.880989,36.02104172,88.81356986,40.92627648,63.60515908,67.54708512,61.81789442,5.241517798,0
82.3065395,119.2157967,34.26944158,86.97305891,39.22218235,60.10845837,63.94649138,58.01413696,5.033602435,0
83.73666921,119.7457544,34.2493677,86.95153578,40.51111489,61.24878477,64.99624553,59.06207183,5.104250766,0
84.53987659,120.0385322,33.48939269,86.12929649,40.11771655,61.12499946,65.3739238,59.27131205,5.133925968,0
84.21594745,119.9215268,34.13976184,86.83384093,40.96703807,61.95765046,65.9878924,59.80663682,5.144843213,0
84.66424772,120.0823152,35.67559853,88.45636945,41.2334076,63.11495744,67.12077122,60.86463061,5.209315436,0
74.7148852,116.0529523,31.43532965,83.83214843,32.73197106,61.81899603,66.6474299,60.32646512,4.639616628,0
85.02370616,120.2114417,36.84875068,89.65824556,41.70712127,64.14861337,67.9886318,61.6314046,5.250507922,0
84.68683247,120.0919441,36.13508107,88.93088096,41.5591763,63.00194388,67.08841539,60.53903287,5.199042688,0
86.26140478,120.6414163,36.67190347,89.47908628,42.17622758,63.22463478,67.43637572,60.72103703,5.247858203,0
87.17820575,120.9501232,36.88569647,89.69558515,41.45895902,62.12404853,66.72023292,59.83262009,5.247328561,0
88.66464423,121.434647,37.45503117,90.26712352,42.57324323,63.76885793,68.30403347,61.43423914,5.331526995,0
87.96581282,121.2095502,37.69259263,90.50347829,42.2387389,63.59863344,68.18273632,61.18382682,5.310979224,0
88.21869834,121.2934785,37.64062222,90.45187795,42.61260185,64.35996216,68.77001508,61.7661761,5.339285629,0
89.00633343,121.545146,37.89714919,90.7060038,42.34403683,64.16122614,68.75178173,61.75435586,5.356961768,0
90.33257639,121.9563574,38.28655786,91.08903195,43.2165579,64.84835417,69.32460962,62.34208957,5.412507186,0
90.5641507,122.0276297,38.92719795,91.712097,43.44887789,65.51303559,70.13903886,63.06275183,5.443073831,0
74.6862679,116.0403414,31.80552651,84.25448204,33.22767689,61.60122254,66.40982208,60.14093493,4.629294325,0
93.08442138,122.7602422,40.75342859,93.44133105,45.24662212,68.32770534,72.70370052,65.65430278,5.599980664,0
93.01887037,122.7442264,40.61697546,93.31446858,44.9717512,67.13012309,71.80778141,64.54659396,5.576493835,0
93.6025835,122.9059289,40.22227121,92.94540364,45.79042848,67.57876626,72.12917699,64.86868788,5.621540082,0
95.87700866,123.5110943,39.77842906,92.52662316,44.31784492,66.82097227,72.01452042,64.59627905,5.665503011,0
97.29209973,123.8635446,39.39924206,92.1656468,44.75051688,66.37786517,71.66026482,64.04853373,5.690068741,0
96.04183568,123.5525673,39.25429139,92.02687059,44.92954461,65.20096822,70.709919,62.80752352,5.629465079,0
96.45339445,123.6575137,40.18741902,92.91266438,46.63522813,67.56780761,72.8955936,64.9689636,5.705850601,0
97.95341111,124.0239238,40.6537981,93.34873976,46.82129198,68.16381234,73.68873771,65.61918158,5.76015113,0
100.5411298,124.6117325,41.94308319,94.53181468,48.48460278,71.32087399,76.78286111,68.63291383,5.933505755,0
98.34765269,124.1177377,41.13741856,93.79634602,47.39341959,68.6745061,74.23959759,65.87300306,5.799346971,0
75.37445022,116.3505464,32.51636361,85.05503405,33.83770268,63.08854048,67.64434336,61.56495674,4.677176541,0
100.4881476,124.6009003,41.35933963,94.00019485,48.02060996,69.04441174,74.70635772,66.38775892,5.861933689,0
101.3321499,124.7810015,41.17177815,93.82797084,47.17848779,68.3400235,74.32568853,66.0893359,5.865372735,0
101.0894677,124.7294834,41.50268932,94.13135798,47.41254592,69.25857903,74.98069836,67.09579103,5.892676022,0
99.55637035,124.3961031,41.23643329,93.88741693,46.65561834,68.41089809,74.08047277,66.44803948,5.820710448,0
99.17563596,124.3086274,40.94677825,93.62045613,46.66708458,68.69261823,73.99763112,66.79103507,5.796373048,0
98.26689642,124.0989518,39.69751777,92.44984648,45.51563338,67.35907063,72.85752156,65.77889608,5.723024607,0
97.91331889,124.0140383,40.52756663,93.23114198,45.65893188,68.52285399,73.60740529,66.73846482,5.745763458,0
95.20256293,123.3358035,40.00170482,92.73779348,44.11946,66.55468823,71.76137604,64.68818039,5.626901957,0
96.20550555,123.5948842,41.17239391,93.82853738,45.72197589,68.14114984,73.09469811,66.01979136,5.70014312,0
95.80312045,123.4928264,41.42227064,94.05782534,44.33282511,67.01609484,72.39093819,65.09142563,5.674609782,0
75.16346075,116.2574915,32.33532921,84.85243328,33.09063649,62.63823837,67.32503027,61.24609811,4.664675249,0
98.79846093,124.2237637,42.35896969,94.90655909,45.59469642,68.79905882,74.15593057,66.96656381,5.803380299,0
100.4645642,124.5960128,42.31931454,94.87096934,44.1910682,67.83227768,73.74005132,66.41606616,5.807734853,0
100.7786087,124.6632749,41.47941346,94.11008815,43.98471555,67.56614529,73.46422609,66.32920973,5.802496327,0
98.02767844,124.0423729,40.4540445,93.16250121,42.58769266,65.24210797,71.22439524,64.05355015,5.657096344,0
99.57744008,124.3992902,40.24640913,92.96806377,43.04930308,66.34075807,72.17695104,65.31558229,5.712982626,0
96.8397982,123.7544266,38.57473506,91.37038501,41.54438446,63.53752316,69.52612647,62.74893521,5.555292095,0
78.18788796,117.5722184,35.92830777,88.71795299,35.10005453,69.88369077,74.16874424,68.96506666,5.061173349,0
97.74496245,123.972887,38.58778925,91.38308803,41.94085147,64.90013045,70.80487694,64.38331093,5.60464461,0
96.40228175,123.6442574,38.02855306,90.83562177,41.6972565,64.33264352,70.26542294,63.94037721,5.546197516,0
97.30185391,123.8655317,38.61623751,91.41075848,41.61137225,65.87475231,71.66983499,65.5316326,5.602221564,0
96.13172842,123.5775494,39.25281356,92.02545346,40.8483194,65.04782283,70.73637847,64.68818618,5.533381035,0
77.67813017,117.3557887,32.22461498,84.72810047,34.62250912,56.01126291,60.06697234,54.72349284,4.765569844,0
95.13409923,123.3188489,39.44222233,92.20671229,40.76155425,65.78227529,71.08307008,65.30368864,5.516605173,0
93.73330497,122.9422802,38.79948865,91.5885871,39.86270798,64.65791913,69.9740032,64.2904973,5.431544895,0
93.62373243,122.9116964,37.93877478,90.74710429,39.66979152,65.44915172,70.47944969,65.08374235,5.432987876,0
91.81779734,122.399686,37.9746122,90.78245943,38.56229761,65.08419681,70.24064221,64.82924909,5.394388206,0
92.48186638,122.5905445,38.96931616,91.75275482,39.80954032,66.79955626,71.63583423,66.38009979,5.447604748,0
88.61121336,121.4192231,36.57732224,89.38297751,38.35532051,62.91169375,67.91071433,62.4732312,5.224540591,0
89.32779662,121.644795,38.43877454,91.2378656,39.05268712,65.40320274,69.99982759,64.72051786,5.309964743,0
89.00771225,121.5452435,39.58052276,92.33859172,41.1631647,66.21593441,70.66389179,65.43270239,5.327704364,0
91.29431793,122.2430486,42.17202397,94.73851649,43.37335827,70.75586653,74.86378592,69.74653639,5.522628674,0
88.22071176,121.2927616,40.59246808,93.2916443,42.42659402,67.55618441,71.72984462,66.37818875,5.361644725,0
77.19942374,117.1522429,31.99062494,84.46424851,33.95464215,54.95844202,59.05423884,53.81126977,4.729794098,0
87.02692552,120.8997619,40.3565076,93.07127233,43.47694945,67.33393928,71.20259142,65.81198647,5.326811018,0
86.62509001,120.7651293,39.80133546,92.5483346,42.86232017,65.82324069,69.9200662,64.4270847,5.274905951,0
83.96751668,119.8316014,37.54616413,90.35794051,42.56670744,63.86257855,67.61571157,62.14791744,5.142812712,0
84.14387948,119.8970576,37.56746954,90.37914563,41.46844757,63.70026335,67.64002577,62.01907997,5.152756721,0
82.29445171,119.2120752,34.3354514,87.04376419,41.52412609,60.69935975,64.4592937,58.8138724,5.00149103,0
84.92642474,120.1769514,36.09062296,88.88518319,41.46208565,63.16881427,67.41833458,61.57825192,5.158186742,0
88.54767142,121.3988042,38.80613889,91.59502717,42.9817792,68.29697754,72.37606376,66.66484465,5.403026459,0
89.78874829,121.7904736,39.09505501,91.87391197,42.84675995,68.57733866,72.78679041,67.06119141,5.436293991,0
91.69252164,122.3624803,39.3757199,92.14315632,43.72600081,67.65636209,71.6889053,66.08287497,5.5211718,0
88.88764615,121.506828,37.70687834,90.51765188,42.51099608,63.54628487,67.72384008,61.97666378,5.323008057,0
78.50748261,117.7033351,32.0024476,84.47761529,34.30760006,55.95091473,59.83007204,54.76125241,4.787535073,0
89.56183156,121.7190968,37.60884883,90.4203016,42.86661506,64.62192233,68.70527108,62.97608231,5.368055323,0
91.85098095,122.409197,38.56648384,91.36235386,42.87283692,65.47749711,69.79693915,64.00956824,5.446668609,0
91.75837354,122.3823552,39.28606477,92.05732796,43.27746533,66.05959188,70.30289467,64.45568267,5.474272014,0
94.72152868,123.2076012,39.93902012,92.67861027,43.39120767,67.61795633,72.08339318,66.30435656,5.584127001,0
76.80603264,116.9822555,32.40848189,84.93440518,33.67131717,54.57361075,58.51076378,53.4381665,4.697389108,0
76.55613805,116.872798,32.15306329,84.64757327,33.59419463,54.5213013,58.33863791,53.36706058,4.67321857,0
76.02065922,116.6401719,31.37486169,83.7628067,33.28159119,53.17322072,57.10112523,52.18986227,4.616839935,0
77.03874817,117.0828456,31.98976288,84.4632737,33.18092525,54.26164915,58.19426534,53.37239912,4.664758135,0
78.9556863,117.8896088,32.60207785,85.15065691,32.97841496,55.80891055,59.86936305,55.16413447,4.769349858,0
79.67402749,118.181955,32.80577233,85.37712367,33.38389772,57.03634549,61.05691101,56.36500755,4.821719366,0
80.4275208,118.4863268,32.72670833,85.28934978,33.69993253,57.69028026,61.8639453,57.10429725,4.870308897,0
78.12763492,117.5477232,36.04973628,88.84311603,35.13395338,69.9572583,74.19921318,68.9960992,5.066493636,0
81.12428372,118.7575458,31.80638858,84.25546115,34.09915817,57.99368348,62.29567019,57.46930239,4.899239307,0
80.53192914,118.5254952,30.68409848,82.96343299,32.87195698,56.31167376,60.82216661,55.88577278,4.83467968,0
83.61403187,119.7051839,30.62276846,82.89180906,34.59359626,60.68438101,65.06187575,60.22768269,5.052147585,0
79.89806872,118.2756264,30.15983765,82.34769453,32.36358912,55.7779181,60.19758225,55.3817225,4.801229553,0
81.17176704,118.7771708,30.12055196,82.30123388,32.75693048,56.64017066,60.93905151,56.21182256,4.842784553,0
83.30404892,119.5881239,30.83508363,83.13930444,34.6181273,58.76838995,63.04977009,58.3215791,4.977712877,0
78.90036274,117.8683345,30.17005932,82.35977566,32.2355519,55.19560504,59.42589084,54.66795003,4.741729269,0
77.46162298,117.2652131,29.63446845,81.72262682,31.68592452,53.92714096,58.21850274,53.38327857,4.663600516,0
78.81659866,117.8334561,29.58816305,81.66714263,32.27935609,55.39516546,59.638702,54.79044731,4.737308186,0
79.76237286,118.2186094,29.79419743,81.91352846,32.6154276,56.00701439,60.38207216,55.57312442,4.788029553,0
78.61782159,117.7527987,35.90761813,88.69659285,35.09216744,69.52267578,73.92957938,68.76076897,5.074211652,0
80.0264556,118.3252242,29.48545374,81.54384539,32.82306248,56.70705607,61.0705742,56.19838926,4.813348144,0
79.55239807,118.1342686,29.52646357,81.59311343,33.35489841,56.23699448,60.71066082,55.7163495,4.791175375,0
79.87201832,118.2636667,29.74025657,81.84914517,33.71336728,56.91624944,61.30398904,56.29732575,4.820146277,0
81.43184129,118.8784938,30.84370432,83.14932654,34.8319628,57.96527288,62.35173991,57.28936333,4.888630509,0
80.7987309,118.6317526,31.12486182,83.47504262,35.03798317,58.65596704,62.89384773,57.82697004,4.900401394,0
80.63103708,118.5662587,31.51993552,83.92900108,34.94029898,58.34259087,62.70304226,57.60720776,4.897168793,0
80.95627115,118.6932535,31.44456609,83.84273145,35.40835197,59.13553456,63.30051758,58.23060116,4.922581994,0
80.89657882,118.6715311,31.39936907,83.79092275,35.23579386,58.63890677,62.92521495,57.81361354,4.91276251,0
81.36416528,118.8537835,32.32535385,84.84124427,35.52474233,59.88602343,64.05445182,58.96616973,4.970309352,0
80.55404059,118.5376346,32.84160975,85.41685522,34.8531069,59.35436958,63.45912853,58.43089422,4.924602773,0
78.94204388,117.8856843,35.25749529,88.0202836,35.18735285,69.3538108,73.74933172,68.53222905,5.068121519,0
80.13281844,118.3690954,33.14321059,85.7499055,35.03861294,59.70476301,63.6550021,58.64875029,4.920945673,0
79.20777542,117.9939732,32.95946684,85.54728277,35.14003036,59.0060567,62.91281034,57.99332899,4.87392283,0
80.19172453,118.3910949,33.33939277,85.96528395,35.88044969,60.45984137,64.23695246,59.39969265,4.933282497,0
79.23874373,118.0066969,32.08705347,84.57316143,35.09321062,59.14381332,63.06189073,58.2719481,4.870750056,0
79.33356692,118.0455755,30.92966487,83.24914637,34.65441241,58.95473923,62.9168623,58.22035728,4.862487975,0
80.52821862,118.5258944,30.8663644,83.17566033,34.11621408,59.721463,63.95844588,59.21951115,4.921124362,0
80.69007694,118.5877014,31.13397511,83.48556311,34.76188363,61.03461604,65.14525155,60.38994041,4.962189322,0
81.20299372,118.7908193,31.72030488,84.15759028,35.06392009,61.67578592,65.80000155,60.91938621,4.988683221,0
79.93476628,118.2862306,32.14234901,84.63550317,36.19397895,61.65647993,65.40206008,60.4559425,4.936422013,0
78.90908871,117.8707827,32.69665909,85.25594731,36.02600308,61.14989754,64.92759155,59.87793641,4.907271329,0
78.47835822,117.6936296,33.50897396,86.15066468,33.86319431,67.22848825,71.93837393,66.57013495,4.986842253,0
78.44193546,117.6769609,33.72005761,86.38039364,37.29732285,62.0423307,65.54260526,60.40283763,4.923007381,0
78.87704246,117.8588687,34.11082096,86.80271447,37.35374512,62.2890412,65.90841838,60.7430886,4.964770719,0
78.01483482,117.4973512,34.69025418,87.42197139,37.71385506,61.80515899,65.20112228,59.98515069,4.923573499,0
78.48452164,117.6950683,34.86451518,87.60660336,37.8804579,61.85674787,65.43586959,60.19175109,4.963508272,0
78.22872152,117.5882896,34.54973701,87.27255359,38.17410259,61.60095692,65.1441142,59.81494648,4.949018835,0
79.48601252,118.106013,34.75995858,87.49591258,37.45468683,60.97066166,64.97210472,59.54622788,4.975353123,0
56.30340998,105.7642054,5.591622915,37.34431144,22.06907608,63.75529279,64.52780135,65.73880965,4.012282781,1
54.12849168,104.2646053,1.597043564,20.11704652,20.43414738,62.26270392,62.78339381,63.99028929,3.506007136,1
56.1470631,105.659085,1.782388302,21.24457834,19.37683745,62.89553999,63.67972004,64.8910949,3.667216038,1
54.94765336,104.8372015,1.674876038,20.59825672,18.70820066,61.5656295,62.30240689,63.52815245,3.564749473,1
55.91751139,105.5006267,1.996427607,22.4745037,17.26758173,61.36968639,62.16913882,63.40188863,3.646839747,1
56.40974384,105.8333632,4.508618512,33.60610182,22.61043871,64.48865619,65.28037657,66.569213,4.00227459,1
55.62538075,105.3047706,1.736206058,20.96945715,16.6504894,61.01380131,61.8596818,63.10907075,3.609757961,1
55.28209829,105.0685509,1.789408003,21.28607666,14.84804943,60.2726788,61.13160044,62.4047308,3.633047583,1
54.93686229,104.8311968,1.914900553,22.01437705,14.24081994,60.26830374,61.08132421,62.3523378,3.588403351,1
54.81529469,104.7471704,1.941008915,22.16280121,13.62001177,59.62295392,60.54340503,61.81788138,3.627506065,1
53.63069032,103.9131931,1.621427788,20.26906653,12.91063754,58.63295488,59.5001543,60.7154005,3.530647674,1
55.23403157,105.0358897,1.514777594,19.59524777,13.04112236,59.11151207,60.02415917,61.35061608,3.616567016,1
51.99689462,102.7322946,1.370812146,18.64612483,13.70481179,57.17672888,57.93422634,59.13933201,3.447130038,1
53.43049482,103.772224,1.471674166,19.31608365,14.18930977,57.78744625,58.6818344,59.91368883,3.562369654,1
52.76283456,103.2908197,1.336083099,18.40967333,13.59713339,57.57119744,58.48691129,59.75117176,3.507903985,1
52.13092382,102.8332608,1.536945071,19.7372438,14.26348872,56.89616396,57.73126112,59.01235632,3.541067567,1
57.28174525,106.415757,4.783495227,34.59637924,22.96233123,64.24480284,65.13584896,66.37289318,4.040120858,1
52.43661285,103.0540981,1.611698729,20.20855272,12.16567074,56.83866665,57.69237965,58.98499083,3.522549765,1
51.60919945,102.4475429,1.603201196,20.15554641,11.62133796,55.3901872,56.23285027,57.49864991,3.503273891,1
51.72349139,102.5317152,1.648767677,20.43813403,11.00586062,55.31494189,56.21145745,57.50752318,3.503682133,1
52.57202571,103.1525543,1.528201232,19.68135959,11.41686931,56.24173851,57.15158787,58.48751208,3.564893537,1
53.51865956,103.8336173,1.750984376,21.05789803,12.96115621,57.64252311,58.54662583,59.99823385,3.618608823,1
53.65219808,103.9288694,1.702462232,20.76606586,12.91374533,57.55558024,58.46264201,59.86690772,3.646957554,1
48.46744834,100.0435556,1.251230923,17.81848216,11.68244486,53.5499751,54.42937437,55.63017839,3.344786623,1
52.33078947,102.9800393,1.471058403,19.31206566,12.93386992,55.74899606,56.71898932,58.08299619,3.560893803,1
52.79646682,103.315294,1.385344159,18.74416128,13.0443649,56.0894774,57.11007239,58.53938398,3.558706014,1
53.58778152,103.885111,1.339531373,18.43328934,11.86006961,56.39907013,57.48210109,58.9414938,3.643303648,1
60.35238899,108.3766671,5.019578857,35.42310597,24.66396085,66.21666608,67.13613825,68.55946076,4.176088509,1
51.562315,102.4129779,0.938423192,15.44076669,11.54791097,54.45020793,55.50308389,56.8952763,3.509225027,1
54.04115037,104.2087848,1.321920544,18.31235279,11.54187552,56.24592908,57.37300619,58.85736074,3.695877976,1
52.65116601,103.2127227,1.009728576,16.01440711,12.73727918,54.83629584,55.89816049,57.36755512,3.593449239,1
54.36206348,104.4330811,0.994827106,15.89626469,14.58075699,55.79271043,56.85467263,58.4062748,3.711561967,1
51.51224017,102.3765383,1.053324614,16.35506906,13.69154946,53.27467581,54.18830427,55.71171414,3.527471277,1
53.5007691,103.8236917,1.136698958,16.98723491,13.62699187,53.71431145,54.69599358,56.30517516,3.635651044,1
52.66464664,103.2204665,1.120442809,16.86586861,12.17762186,52.04095961,53.13003809,54.69044736,3.536627891,1
52.16069586,102.853982,1.182511744,17.32461142,12.10228238,50.85756841,51.94797935,53.4741802,3.52361865,1
52.61387008,103.1849223,1.090516715,16.64008821,13.2545855,51.22131207,52.34022972,53.95920798,3.536688581,1
53.84206421,104.064453,1.211329464,17.53344502,13.53609604,51.49201126,52.6273367,54.29203695,3.618629102,1
62.39938356,109.6214537,5.511696846,37.08239331,25.41859924,67.59778586,68.67797369,70.23908566,4.30403424,1
51.48021758,102.3502712,1.056033973,16.37600242,11.71097715,49.22254263,50.41821433,52.04969668,3.496007416,1
52.50276272,103.1036767,1.170196479,17.23457984,11.97489521,49.15457396,50.45202287,52.141896,3.58947752,1
51.03698008,102.0219513,1.00849705,16.00467686,11.33447825,47.80959828,49.0028301,50.62923953,3.508017804,1
50.13334293,101.3397897,1.145565949,17.05306411,10.466155,46.4719311,47.64720388,49.22240934,3.462922532,1
48.77705217,100.2875434,1.106033949,16.75754594,9.491710861,45.31081556,46.46289604,47.98991211,3.382641506,1
50.23142556,101.4140429,1.522905668,19.64743504,9.013082192,45.69375027,46.89137791,48.48903386,3.454104594,1
56.0131387,105.5669431,5.3841107,36.66005429,22.16660042,63.84256407,64.58924196,65.79931141,3.993837508,1
48.19645939,99.828954,1.447905705,19.16036335,8.786492907,43.9184715,45.06392347,46.62631767,3.329753851,1
48.218538,99.84818424,1.511945083,19.57702782,8.015688682,43.52779121,44.58398069,46.21312798,3.329238143,1
46.6823077,98.60924829,1.355787523,18.54420822,7.933737596,42.94530718,43.88275675,45.4544864,3.224038298,1
48.21806954,99.84856615,1.597043564,20.11704652,8.647283084,44.1435984,45.11514918,46.727695,3.312495522,1
61.39336212,109.0180354,4.944209435,35.161459,26.08220077,66.97416982,67.94047863,69.54126507,4.212481159,1
47.19225143,99.02299957,1.500615039,19.50397368,9.192398246,44.3486524,45.34276184,46.99899498,3.208646657,1
46.75927231,98.66956579,1.577954903,19.99721377,9.16634977,44.53048463,45.52090721,47.14330767,3.230023223,1
44.43422272,96.72063582,1.377831847,18.69354702,9.672453553,43.75378839,44.59381938,46.14653765,3.090518781,1
44.30484144,96.61066564,1.617117446,20.24227951,11.3407402,43.62489828,44.45085123,45.93048057,3.135274325,1
44.92234284,97.13599049,1.570935202,19.95296066,11.41731459,44.95872696,45.75720431,47.22670568,3.126394133,1
45.2673248,97.42884463,1.667486879,20.55306891,11.18814731,46.01850381,46.82571147,48.33972649,3.189164328,1
44.18696359,96.5043119,1.558866242,19.87664025,12.25977337,46.39216778,47.17304976,48.61663981,3.110536894,1
44.24524908,96.55943922,1.533373644,19.71443746,13.87257226,47.15706454,47.91214676,49.41865091,3.137315369,1
44.55311719,96.82192668,1.394826913,18.80785263,14.54061019,48.44856107,49.2366965,50.73670833,3.121045891,1
46.17124545,98.18582858,1.540516497,19.76002317,17.1255109,50.28936236,51.08308457,52.64905793,3.24049635,1
60.5766944,108.5180559,4.984849809,35.30280405,26.80340008,66.71749072,67.63063719,69.18093732,4.170134458,1
46.41164329,98.38480719,1.383004258,18.72841117,17.45123421,51.1925977,51.98136531,53.49543828,3.208650785,1
46.38386005,98.36273461,1.456649543,19.21779919,16.24031332,51.30773432,52.12858344,53.65241493,3.230836401,1
45.0896474,97.2804983,1.428817044,19.03435914,15.74280945,50.14365636,50.89834594,52.32619611,3.133996598,1
45.61137129,97.71905185,1.349753043,18.50311305,15.03991546,49.97726699,50.82911483,52.25271262,3.187255752,1
45.29064025,97.4498561,1.227708767,17.65101886,16.04184003,49.85781616,50.63389229,52.0283367,3.111045175,1
46.57670019,98.52081278,1.45418649,19.20163786,16.38865431,50.58348132,51.42389094,52.87834595,3.205515057,1
45.63678903,97.74221061,1.237314673,17.71960197,17.17896929,50.00965324,50.71710436,52.20178634,3.110888007,1
46.09056356,98.12023162,1.271181652,17.9592711,16.09635608,49.64014796,50.42833216,51.86704585,3.17497491,1
44.72920568,96.97266127,1.08288125,16.58198079,15.26336363,48.30423003,49.07932721,50.43972354,3.057580398,1
46.09546649,98.12323491,1.165147221,17.19752811,14.66837068,48.54379912,49.38741602,50.76710095,3.150259232,1
59.34932756,107.7506206,4.579923896,33.86598427,27.60404878,67.00316913,67.73214975,69.28110099,4.096317109,1
44.7016557,96.95059271,0.945566046,15.49920148,14.16693366,47.28746388,48.1316328,49.47066576,3.029292498,1
44.90443016,97.12253338,0.95554141,15.58043646,14.26226443,46.6215239,47.4574667,48.72304273,3.07227276,1
44.45087199,96.73560951,0.93460546,15.40944207,14.76193627,46.5800823,47.38198765,48.66204933,3.047834149,1
44.7184571,96.96411708,1.196551146,17.42666944,14.33798979,46.3783375,47.22253008,48.48591351,3.093156091,1
44.66670933,96.92105314,1.131157089,16.94595944,14.44539194,46.44984862,47.28800237,48.55393193,3.067678179,1
44.84329139,97.07153839,1.198521589,17.44094467,14.57698997,46.35092372,47.19342645,48.46949267,3.098462069,1
44.89914136,97.11751243,1.153694024,17.11318107,14.19112132,46.62958001,47.48074738,48.75044589,3.075271713,1
45.3233694,97.47629367,1.064408353,16.4405342,14.2936389,46.58065074,47.43246816,48.7034885,3.102225295,1
44.20383744,96.52175821,1.034605412,16.20968759,14.68038507,45.96790787,46.79595586,48.03641068,3.014612377,1
45.12701047,97.31266772,1.066009337,16.45284186,15.23101119,46.53623948,47.36165442,48.65977994,3.082876664,1
60.4204417,108.4223505,4.725859787,34.39128516,26.74382993,67.89978175,68.67682523,70.16287348,4.153416479,1
44.55915891,96.8279559,0.995566022,15.902144,14.76598147,46.06243598,46.88224337,48.15459038,3.008120354,1
44.45694946,96.73913828,1.038176839,16.23752699,14.492231,45.61143745,46.44049868,47.6839082,3.024163252,1
43.0536535,95.51744885,0.916378868,15.25899279,13.46427776,44.71743373,45.52176783,46.73044107,2.934659803,1
43.13069732,95.58490214,0.858127664,14.7677409,13.19927065,44.0221979,44.78282537,45.97496717,2.943868705,1
41.99385879,94.57031468,0.77475332,14.03430989,12.62854891,43.4755711,44.23502355,45.39703159,2.86986042,1
42.07023033,94.63848523,0.836575951,14.58173543,12.29680658,43.14461115,43.90251478,45.02078237,2.888572169,1
44.45235127,96.73664319,1.534851475,19.72387784,12.19808935,44.65453557,45.54052229,46.68617324,3.011892757,1
41.8520898,94.44167392,0.911206456,15.21602278,13.53219428,42.6976984,43.39644335,44.46524801,2.877178887,1
44.50943422,96.78439426,1.752462208,21.06672113,15.49144475,45.1620259,45.93474165,47.11651834,2.977904805,1
43.39960427,95.82371219,1.250738312,17.81499153,17.82319916,45.38409959,46.07806574,47.24689692,2.973306055,1
59.8345065,108.0562033,3.888175462,31.24686919,26.41347174,69.37531374,70.1114121,71.63572509,4.088174664,1
45.31996314,97.47519475,1.486206179,19.41066116,18.35327231,47.90455138,48.54373392,49.74388209,3.033847603,1
44.27084069,96.58242771,1.147043781,17.06401051,16.84332134,48.14771025,48.79138521,49.95498215,3.034878344,1
49.71070283,101.0140727,2.571550482,25.47807883,18.76324748,52.91993049,53.67943703,54.97673091,3.330677572,1
46.05272334,98.08737793,1.401969766,18.85568273,17.19446141,50.50724113,51.13848926,52.35955937,3.146110431,1
50.01082681,101.2433577,2.06256058,22.8407266,17.1434115,52.96520913,53.72055891,55.0788969,3.329442706,1
50.22819558,101.4109798,2.480910132,25.02952594,16.04129188,52.96962718,53.87652039,55.18648064,3.401681686,1
48.38650952,99.98065539,1.260713677,17.88554133,15.55880732,51.49241935,52.26894365,53.59318913,3.265993674,1
50.99695306,101.9929991,2.041132019,22.7227297,16.13923059,52.69969106,53.56734446,54.96518306,3.43605439,1
51.9231315,102.6806573,2.347658965,24.35449719,15.80546035,53.24359256,54.0800951,55.51502631,3.463515739,1
52.92464458,103.4085796,3.297289048,28.8086201,16.29045866,53.33085418,54.1725586,55.59684217,3.556051096,1
60.88531639,108.7086085,4.003446342,31.69938855,25.41776566,71.35517079,72.17991685,73.66685518,4.160561577,1
51.7351793,102.5403789,2.097166475,23.02996622,15.8227505,51.84283066,52.61453462,54.06529505,3.44310886,1
53.82739842,104.0550188,2.413668785,24.69128881,16.17323038,52.71801086,53.55353059,55.10287979,3.581853516,1
52.81191789,103.3269668,1.872043431,21.76847556,15.73444135,51.827538,52.56085021,54.1632072,3.518313877,1
50.99070753,101.98823,1.673644512,20.59073249,13.73419843,49.43444971,50.28430248,51.73355417,3.444700143,1
50.8891177,101.9097768,1.568472149,19.93740939,12.48466798,48.72083323,49.55568118,51.03434462,3.418810297,1
55.28409385,105.0708503,2.242363449,23.80702597,13.66829293,51.21986515,52.29834381,53.91356857,3.67395893,1
53.30998391,103.6857306,1.596674106,20.11473412,11.92642233,49.7350803,50.7965325,52.43875329,3.56064277,1
52.64277038,103.2047961,1.125861525,16.90642259,11.51155099,48.22345203,49.33827908,50.94216317,3.519371199,1
52.60101246,103.1754729,1.084482235,16.59418176,10.49617913,47.85216659,48.9987197,50.62285588,3.502215751,1
51.82024784,102.6018315,1.297536319,18.14354323,9.868392317,46.37407303,47.62766752,49.1818303,3.454081135,1
60.16917262,108.2666632,3.511697811,29.71785525,25.12723987,72.68771289,73.42119607,74.93247323,4.099821695,1
51.64842913,102.4772888,1.471797319,19.31688714,9.350092075,45.87288425,47.17043506,48.68844456,3.446978226,1
52.55957425,103.1466761,1.619334193,20.25606023,8.890423602,45.82022756,47.22695343,48.71991997,3.508431654,1
51.28955554,102.2116691,1.389531349,18.77231197,8.087606449,44.72710001,46.20147677,47.6783586,3.405550343,1
50.9914875,101.989128,1.366994414,18.620282,7.951234448,43.31355872,44.8639878,46.31032874,3.393676056,1
49.39092853,100.7671932,1.248028954,17.79578059,7.605006952,42.13265376,43.61264918,45.06944892,3.298526752,1
50.56815388,101.6680503,1.632757832,20.33930552,7.609467493,42.38661191,43.94541198,45.4076768,3.358231213,1
50.29569724,101.4621502,1.446674178,19.15225964,7.715767548,42.17765808,43.70096122,45.21069873,3.318442674,1
50.03838161,101.2658656,1.491624895,19.44580684,8.119518922,41.34540068,42.83312671,44.33466612,3.334122407,1
48.70112784,100.2279776,1.47930963,19.36583587,8.142898608,40.71763367,42.12383941,43.64796936,3.238415095,1
48.22539881,99.85136133,1.229679209,17.66510932,7.515227221,39.81336192,41.34254306,42.97929538,3.206734281,1
60.15588083,108.2594519,3.685343048,30.43321744,24.06965562,73.64693488,74.45329641,75.8499426,4.100282532,1
45.10312368,97.29084707,1.173275295,17.2571326,6.909855641,37.82539128,39.27098219,40.80521066,3.039195923,1
45.66091391,97.76296318,1.400984545,18.84909285,6.436903585,37.62538558,39.07873656,40.6530133,3.059357742,1
44.96636484,97.17611323,2.00073795,22.49856051,6.287002663,36.92928913,38.39255028,39.91230952,3.021967689,1
43.04636094,95.51255078,1.369580619,18.63779244,6.120758659,35.15993328,36.55975342,38.10563262,2.919265389,1
42.43942411,94.97281789,1.510836709,19.56989354,5.954788006,34.60212373,35.9829803,37.51391021,2.875410808,1
43.97457067,96.32534471,1.728940052,20.92583283,5.863815868,34.9052251,36.26018629,37.9008626,2.949847252,1
43.03811888,95.5046204,1.367240719,18.62195039,5.295210424,34.06705058,35.45152639,37.03563845,2.854937895,1
41.96662901,94.54551458,1.432511623,19.05881356,5.337133518,32.73860971,34.02449772,35.59233865,2.821331219,1
38.87591719,91.65564447,1.258496929,17.86988815,5.34344328,30.46646795,31.5992323,33.04136673,2.636734007,1
41.37966175,94.01080622,1.317979659,18.28517822,5.464685857,31.99960301,33.16914461,34.8266653,2.770066188,1
58.9111456,107.4759648,3.279555066,28.73205632,23.44680844,74.48100962,75.26405039,76.69229803,3.978672257,1
39.80611716,92.54470014,1.09864479,16.7017185,5.550749275,31.56287474,32.6381751,34.2583279,2.681623196,1
39.20730503,91.97409575,1.113669413,16.81503615,5.088056076,31.87202073,32.95244811,34.57587242,2.667689674,1
39.19834241,91.96344311,0.996797548,15.91193795,5.362999438,32.93868833,33.94570127,35.54770475,2.663711719,1
39.92468515,92.65899149,0.999630059,15.93444084,6.631706447,35.20710943,36.27312553,37.95071914,2.768209886,1
40.09943297,92.82459287,0.938423192,15.44076669,9.124868577,37.32660373,38.29639414,39.94026372,2.777381611,1
41.08110544,93.73603826,0.978078345,15.76240276,11.11225775,39.0349966,40.03071427,41.75106406,2.868758631,1
41.15173131,93.80122156,1.036699007,16.22601312,12.73224199,39.848685,40.78753367,42.48278736,2.853687567,1
43.83884003,96.20798308,1.609728287,20.19627411,13.78133015,41.84005996,42.85067765,44.71946406,3.051364631,1
42.34218906,94.88482369,1.466871213,19.28472059,14.77542317,41.25132558,42.09903163,44.12769578,2.977985983,1
43.0243311,95.49322882,1.416501779,18.95261133,13.73874687,41.4179941,42.31521911,44.33986702,3.02163835,1
59.0809678,107.5837378,3.589530286,30.04073061,21.34031569,75.58250431,76.46848813,77.74503828,3.995210953,1
40.18071855,92.89840579,1.249876244,17.80888125,13.9957423,39.7639893,40.48857119,42.40643224,2.828386236,1
39.35304726,92.11568101,1.240762948,17.74415563,13.94730081,39.29191669,40.05840333,41.84422639,2.825806121,1
40.14567703,92.86647229,1.581895788,20.02201367,14.43732134,39.89803444,40.60525712,42.33703596,2.828753334,1
42.4342913,94.96569503,1.789038545,21.28389462,14.73595686,42.0495093,42.79583271,44.672285,2.986459355,1
40.80735207,93.48118745,1.336452557,18.4122051,15.48035908,41.83490397,42.44220253,44.23816515,2.870191294,1
43.67534112,96.06420419,2.04162463,22.72544938,16.93096304,44.31080879,44.98745147,46.84081723,3.048132968,1
55.54315583,105.2490105,5.499504733,37.04226174,22.15820141,63.36786179,64.11919631,65.28819942,3.98173794,1
42.21177716,94.7662647,1.604432723,20.16323734,17.35880017,44.09335019,44.76992187,46.31188288,2.908587043,1
42.8272545,95.31756975,1.325738276,18.33863895,17.94728584,45.08624887,45.72574967,47.26013172,2.975033016,1
41.83535698,94.42613895,1.153201414,17.10954374,18.57431103,44.94164206,45.52325388,46.98418334,2.884743976,1
42.45491285,94.98459699,1.662191315,20.52062147,19.55048462,46.18690419,46.75366234,48.22879589,2.972100959,1
56.47917682,105.8823855,3.093964023,27.91752519,27.49772216,65.70494171,66.22831825,67.61481666,3.808381589,1
42.48193592,95.00914277,1.717610008,20.85762134,20.04291846,47.22101506,47.77827742,49.2325209,2.950937131,1
43.89552888,96.25763604,2.360220535,24.41895975,20.87593361,48.30515729,48.96986141,50.44768258,3.085480123,1
43.7754082,96.15199048,2.807510959,26.60889282,20.85590271,48.43812304,49.11875876,50.59333836,3.057047127,1
44.46982591,96.75185739,2.996550277,27.47982909,21.19274645,48.8046543,49.57059134,50.99557375,3.138992157,1
43.66927187,96.05775781,2.819333614,26.66423503,21.87204923,48.07577993,48.67798721,50.21729971,3.08022654,1
48.5655445,100.1209926,4.274259019,32.73632172,20.78709322,51.12608223,51.93814067,53.49079663,3.38165788,1
47.51056432,99.28063383,3.356894931,29.064402,21.06943202,50.07291893,50.88467841,52.42283183,3.283107288,1
48.06109434,99.72215866,3.078569942,27.84883736,20.16702687,49.47978196,50.34089475,51.8176655,3.306904174,1
44.14701432,96.47273753,1.358620034,18.56346574,19.59902656,46.45388803,47.21872007,48.57567634,3.05705367,1
48.39304047,99.9859464,2.606402682,25.64837907,19.18543408,48.71551496,49.70119883,51.09637926,3.296324459,1
57.27464103,106.4134191,3.367486058,29.10960293,25.22367033,66.10013614,66.70095929,67.96651648,3.872726553,1
49.63247675,100.9516898,2.624382969,25.73577804,18.08129331,49.17288942,50.2895285,51.76062506,3.328145962,1
51.0641379,102.0423041,2.891377914,26.99891297,16.70320549,49.37309071,50.72049516,52.0690983,3.396242605,1
53.82326001,104.0513393,4.470933801,33.46787819,16.07153624,51.45368132,52.92514782,54.32908416,3.528452932,1
53.01604317,103.4775971,3.989653246,31.64560387,14.68769744,50.48130808,52.03935427,53.40878228,3.522563714,1
56.10078282,105.6279755,5.228076293,36.13622383,14.59460804,52.47765842,54.16920884,55.64123556,3.657597986,1
53.22100202,103.6224632,2.907880369,27.07496493,13.6713022,49.2893358,50.88736217,52.26092618,3.495498186,1
47.78704589,99.50292905,1.506033755,19.53894751,11.8342742,45.59728021,46.93927464,48.21698917,3.205512875,1
46.98419734,98.8536848,1.654679004,20.47450081,11.31559146,44.32303954,45.6150934,46.80015126,3.192225182,1
44.99270502,97.19751659,1.391994402,18.78885106,11.47370836,41.48097243,42.60896619,43.72964516,3.064453889,1
49.5536465,100.8926783,2.449013596,24.8696763,11.82231584,44.0078441,45.34829018,46.56385996,3.313814766,1
56.77708404,106.080691,3.635589377,30.23008073,24.41079233,65.69221641,66.25786619,67.51616318,3.784403261,1
48.55856488,100.1146719,1.947782311,22.20114036,11.89972718,43.47504565,44.75384683,45.96430408,3.232724069,1
46.86366422,98.75599247,1.974875894,22.35381887,11.63366095,42.13131067,43.38043882,44.46824376,3.180581126,1
46.31131203,98.29947905,1.7706888,21.17522857,11.53583911,42.08674003,43.30010079,44.41783617,3.138722799,1
43.78405738,96.15903556,1.288053565,18.07746047,11.59328234,40.33446763,41.43261787,42.44749568,3.025828213,1
58.38914402,107.1396577,4.330909238,32.94882518,23.74847303,66.78669092,67.48097195,68.71522857,3.928936898,1
58.36389048,107.1222351,4.404061912,33.22107804,24.49644427,67.23631786,67.92168168,69.17342018,3.910092622,1
59.80151512,108.038185,4.887559216,34.96340036,25.02156669,67.483605,68.18575476,69.39341476,4.02040324,1
58.66238015,107.3134212,4.655539624,34.13925241,25.98441274,66.96148171,67.649495,68.85722793,3.921170658,1
56.65109502,105.9961501,4.908125708,35.03544431,26.12320384,65.06388338,65.70651178,66.81960455,3.850905068,1
55.71077721,105.3634178,4.726845008,34.39480213,25.32576001,64.72742938,65.40655877,66.54929173,3.774745115,1
54.52654809,104.547886,4.824012449,34.7397766,24.40180363,63.60380054,64.26298355,65.35298495,3.753176148,1
55.4557498,105.1875223,5.287066412,36.33522896,22.23510517,63.45461438,64.19760446,65.37449224,3.966585286,1
53.5800229,103.8798453,4.530416531,33.68577655,25.02467883,63.14736446,63.73359232,64.86241821,3.681984706,1
55.08218532,104.9305417,4.836820324,34.78497307,25.46797814,63.62361701,64.30680851,65.4293309,3.782798649,1
52.82099835,103.3309362,4.817977969,34.71846008,24.72675663,60.03790204,60.67972777,61.76704252,3.589763778,1
55.46156068,105.1927095,5.49051459,37.01263933,26.41270916,64.73949834,65.44584398,66.5116017,3.819791299,1
54.93568148,104.8277497,5.566869233,37.26340861,26.89341114,64.57128486,65.2205437,66.26144148,3.756139559,1
55.7705048,105.3996567,5.28558858,36.33025793,26.37014133,62.43150998,63.10711673,64.17258854,3.725534116,1
56.07763495,105.6113295,5.200366947,36.04233282,28.62948873,66.658631,67.32878473,68.41810228,3.841649114,1
57.7061655,106.6945869,5.008741423,35.3856125,28.5267234,67.52056625,68.2139374,69.31423195,3.96249913,1
56.22067554,105.7056514,4.711820385,34.34112617,28.55117765,66.61167941,67.27205,68.33253775,3.852064296,1
55.33153273,105.1033288,4.651106128,34.12329519,28.82930898,65.70853004,66.29166025,67.33874271,3.820591614,1
55.17555966,104.9961185,5.474504745,36.95982289,22.40399575,63.01073553,63.70130508,64.94052693,3.959983672,1
54.76976491,104.716008,4.458372231,33.42166716,29.38544268,65.65450756,66.13280685,67.1797792,3.756475153,1
55.4346936,105.1746148,4.717978017,34.36313545,26.69754385,65.62330212,66.17978307,67.14679651,3.820181055,1
54.87756647,104.7882779,4.505539696,33.59483196,27.63513251,65.40652786,65.90832324,66.91706852,3.750550997,1
53.97197867,104.1573173,4.492978126,33.54880877,24.93235829,64.27785556,64.81036375,65.69060529,3.72496562,1
53.79266455,104.0297456,4.053446318,31.89354769,25.90320347,64.5149162,64.96416934,65.9211089,3.660197959,1
54.09618367,104.2444769,4.13066303,32.1909412,24.31792798,64.19047513,64.77476153,65.67182523,3.699764043,1
53.81346092,104.0434028,3.875244434,31.19566975,24.23930202,64.09774167,64.64409705,65.54474426,3.638666061,1
54.30496122,104.3905851,3.981402018,31.61338249,23.3436722,64.06634499,64.63321857,65.56191222,3.706560043,1
53.19573013,103.6048391,3.876845418,31.20201358,22.81781763,63.61940615,64.17860998,65.07471647,3.609829254,1
54.47424299,104.5108402,4.209727031,32.49243899,21.77967894,64.22737118,64.85648177,65.75981418,3.712547464,1
55.08337869,104.9305636,5.127583731,35.79443723,22.40883492,63.2838543,64.01632763,65.21141446,3.945366373,1
54.42102704,104.4729081,4.220810769,32.53446638,21.40724843,64.53155002,65.16397172,66.0839109,3.667058804,1
55.78436164,105.4130084,4.090761571,32.0376321,22.80745494,65.13734708,65.77044201,66.73914965,3.758229178,1
54.95015215,104.8397758,3.621673128,30.17300335,21.54956846,64.2735515,64.94055349,65.88124849,3.626352187,1
55.86208111,105.4648061,3.617978548,30.15783084,22.18957636,64.87670391,65.534171,66.55061791,3.717576426,1
55.36291589,105.1240386,3.320318593,28.90772779,21.54132303,64.74182182,65.42004761,66.48214794,3.637142236,1
54.28623622,104.3774851,3.138052672,28.1132719,20.73606504,63.59817512,64.28133378,65.28581895,3.608562051,1
53.62272886,103.9078623,3.030417256,27.63282417,21.33012106,63.3732327,64.00263402,65.03036075,3.530658083,1
53.78324119,104.022287,2.835836069,26.74128328,20.80721974,62.97977785,63.58480943,64.57201122,3.545645937,1
55.73273557,105.3739199,2.584358358,25.54080017,20.96027965,64.27350706,64.9134034,66.02870954,3.577228874,1
55.91407664,105.5006198,2.221304346,23.69595778,20.00984642,64.65587479,65.29437444,66.45644815,3.64449271,1
56.42842247,105.8470428,4.805293246,34.67360573,22.15568185,63.9968526,64.83284274,66.08366267,4.005512294,1
56.03483868,105.5815247,1.823644439,21.4872905,20.82024301,64.94640783,65.61643842,66.83382216,3.614776118,1
55.22076392,105.0250119,1.510097793,19.56513588,20.53369964,64.21207997,64.78675322,65.96082683,3.59400569,1
56.4676845,105.8730033,1.496797307,19.47929442,21.18805893,64.92255051,65.50875326,66.78795094,3.622828224,1
55.88139144,105.4776071,1.626230742,20.2988722,21.73540388,64.04944845,64.62831806,65.87713133,3.645575018,1
56.9577712,106.200239,1.766624763,21.15108393,21.92002998,64.29395572,64.85337059,66.13963047,3.628746243,1
55.40947821,105.1566234,1.734851379,20.96133088,21.14532979,63.18582721,63.7653517,64.99133681,3.619275704,1
